Assignee,Title,Category,Dataset / Source,Drive Link,DataSpace,Indicator(s) / conformsTo,Spatial resolution,Temporal Resolution,Comments,Identifier,Publisher,Creator,Contact Point,Theme / Category,Language,Spatial Coverage,Temporal Coverage (start),Temporal Coverage (end),Update / Modification Date,Accrual Periodicity (frequency),License,Access URL,Format
Akriti Singh,Periodic Labour Force Survey (PLFS),MOSPI PLFS,,"Household - PLFSHH.csv
Person - PLFSPER.csv
PLFS_hh
PLFS_person",,,,,,,"Ministry of Statistics and Programme Implementation (MoSPI), Government of India","National Statistical Office (NSO), MoSPI",,Labour; Demographics,en,India,,,,,,,
Thakshak B,National Family Health Survey-5 (NFHS-5) — District Factsheets,National Family Health Survey-5 2019-2021,https://www.data.gov.in/catalog/national-family-health-survey-5-nfhs-5-india-districts-factsheet-data-provisional,NFHS Assam 2019-2021,,,,,"This contain surevy for all the district of India, we can filter out Assam",,"Ministry of Health and Family Welfare (MoHFW), Government of India","International Institute for Population Sciences (IIPS), Mumbai",,Health; Population,en,India (all districts); subset: Assam,2019,2021,,,Government Open Data License – India (GODL),https://www.data.gov.in/catalog/national-family-health-survey-5-nfhs-5-india-districts-factsheet-data-provisional,
Ahsin Ahmed,"Item-wise HMIS Report — District Level, Assam (up to March 2019-20)","Item-wise HMIS report at District level of Assam upto March, 2019-20",https://www.data.gov.in/resource/item-wise-hmis-report-district-level-assam-upto-march-2019-20,HMIS ,,,,,,,"Ministry of Health and Family Welfare (MoHFW), Government of India","Health Management Information System (HMIS), MoHFW",,Health,en,"Assam, India",,2020-03,,,Government Open Data License – India (GODL),https://www.data.gov.in/resource/item-wise-hmis-report-district-level-assam-upto-march-2019-20,
Ahsin Ahmed to check for more detailed data,Comprehensive National Nutrition Survey (CNNS) 2016-2018,Comprehensive National Nutrition Survey,https://knowledge.unicef.org/resource/comprehensive-national-nutrition-survey-2016-2018,CNNS Assam Factsheet,,,,,Report,,"Ministry of Health and Family Welfare (MoHFW), Government of India; UNICEF India",,,Health; Nutrition,en,India,2016,2018,,,,,PDF
Akriti Singh,National Mental Health Survey (NMHS) — Phase 1 Fact Sheets,National Mental Health Survey,https://indianmhs.nimhans.ac.in/phase1/fact-sheets,NMHS,,"Female population, Sex ratio, Female literacy rate, Community Health Centres, Primary Health Centres, Sub Centres, District hospitals, Registered nurses and midwives, ANMs, Lady Health Visitors (LHVs), ASHA/USHA workers, District Mental Health Programme, Mental hospitals, Medical colleges with psychiatry departments, General hospitals with psychiatry units, Mental health inpatient beds, Psychiatrists, Clinical psychologists, Psychiatric nurses, Psychiatric social workers, Mental health professionals availability, Mental health budget allocation, Suicide rate, Prevalence of common mental disorders, Treatment gap for mental disorders.",State (Assam),2016,Fact Sheets for 12 States,,"National Institute of Mental Health and Neuro-Sciences (NIMHANS), Bengaluru",,,Health; Mental Health,en,India (12 states),,,,,,,PDF
Ahsin Ahmed ,Union Gender Budget Statement,Gender Budget Statements,https://missionshakti.wcd.gov.in/gender-budgeting/union_gender_budget_statement,Gender Budget Statement,,,,,From 2005-06 to 2026-27,,"Ministry of Women and Child Development (MWCD), Government of India",,,Government; Gender; Budget,en,India,2005-04-01,2027-03-31,,Annual,,,
,Demand for Grants — Department of Health and Family Welfare,Demands of Grants for Health and Family Welfare Department,https://www.indiabudget.gov.in/doc/eb/dg46.pdf,Demands of Grants for Health and Family Welfare Department,,,,,2021-2026,,"Ministry of Finance, Government of India","Department of Health and Family Welfare, MoHFW",,Government; Health; Budget,en,India,2021-04-01,2026-03-31,,Annual,,https://www.indiabudget.gov.in/doc/eb/dg46.pdf,PDF
Ahsin Ahmed - to check for more detailed data,National Health Mission (NHM) Report,National Health Mission,https://nhm.gov.in/WriteReadData/l892s/7066690731472463781.pdf,NHM Reports,,,,,"Report, 2009-2014",,"Ministry of Health and Family Welfare (MoHFW), Government of India",,,Health,en,India,2009,2014,,,,https://nhm.gov.in/WriteReadData/l892s/7066690731472463781.pdf,PDF
,Poshan Tracker — District-wise Statistics,Poshan Tracker,https://indiadataportal.com/p/poshan-tracker,mapped_poshan_tracker_updated,,"29 - awc_infra_dws, awc_infra_fun_toilets, awc_infra_own_buil, aadhar_verf_benf, adolescent_girls, awc_open_1day, awc_open_21day, aww, awc, children_0_6_months, children_3_6_years, children_6months_3years, children_awc_21days, children_3_6_years_nonschool, children_3_6_years_school, elgb_benef, health_id_created, hcm_1_6days, hcm_15_20days, hcm_7_14days, hcm_atleast_1day, hcm_atleast_15days, hcm_atleast_21days, lact_mothers, pregnant_women, project, sector, thm_atleast_1day, thm_atleast_21days,",District,Monthly,"Distict wise Poshan Statistics, Data Dictionary in Google Sheet for reference of indicators",,"Ministry of Women and Child Development (MWCD), Government of India",India Data Portal (hosted republication),,Health; Nutrition; Children,en,India (district-level),,,,Monthly,,https://indiadataportal.com/p/poshan-tracker,
Akriti Singh,"Time Use Survey (TUS), MoSPI",Time use survey MOSPI,,"TUS_HH_2024
TUS_Person_2024",,,,,,,"Ministry of Statistics and Programme Implementation (MoSPI), Government of India","National Statistical Office (NSO), MoSPI",,Demographics; Gender; Labour,en,India,2024,,,,,,
Thakshak B,"Household Consumption Expenditure Survey (HCES), MoSPI",MOSPI household consumption and expenditure,https://microdata.gov.in/NADA/index.php/catalog/237,https://drive.google.com/drive/folders/1nQzLxX5b2kL8iZ4m7Wk8oT7doHAX97Z6?usp=sharing,`,"Household Characteristics : 68 - sector, state, district, nss_region, household_size, age, sex, relationship_head, marital_status, education_level, years_of_education, internet_use, days_away_from_home, meals_at_home, meals_away_home, school_meals, employer_meals, other_free_meals, economic_activity, occupation_code, industry_code, livelihood_type, household_type, religion, social_group, land_owned, land_type, land_area, dwelling_available, dwelling_type, dwelling_floor, dwelling_wall, dwelling_roof, drinking_water_source, drinking_water_distance, toilet_type, bathing_facility, drainage_type, cooking_fuel, lighting_source, electricity_access, housing_tenure, cooking_arrangement, ration_card_type, pmgkay_beneficiary, four_wheeler_owned, vehicle_value_category, mobile_available, landline_available, household_phone, informant_response, survey_status, survey_code, substitution_reason, internet_household, meals_per_day, household_members, female_members, male_members, elderly_members, children_members, adolescent_members, disability_status
Food Diary : 58 - ration_any_item, ration_rice, ration_wheat, ration_coarse_grain, ration_sugar, ration_pulses, ration_edible_oil, ration_other_food, online_groceries, online_milk_products, online_vegetables, online_fresh_fruits, online_dry_fruits, online_egg_fish_meat, online_served_processed_food, online_packaged_processed_food, online_other_food_items, ceremony_performed, meals_served_nonhousehold, food_item_code, food_source, home_produce_quantity, home_produce_value, total_quantity, total_value, cereal_consumption, pulse_consumption, sugar_salt_consumption, milk_consumption, vegetable_consumption, fresh_fruit_consumption, dry_fruit_consumption, egg_fish_meat_consumption, edible_oil_consumption, spice_consumption, beverage_consumption, served_processed_food_consumption, packaged_processed_food_consumption, total_food_expenditure, cereal_expenditure, pulse_expenditure, milk_expenditure, vegetable_expenditure, fruit_expenditure, meat_expenditure, edible_oil_expenditure, processed_food_expenditure, dietary_diversity_score, healthy_food_score, processed_food_score, protein_score, pds_dependency_score, home_production_score, market_dependency_score, online_food_expenditure
Consumables and services : 54 - fuel_expenditure, electricity_expenditure, water_expenditure, communication_expenditure, internet_expenditure, education_expenditure, health_expenditure, outpatient_expenditure, inpatient_expenditure, medicine_expenditure, diagnostic_expenditure, transport_expenditure, personal_care_expenditure, hygiene_products_expenditure, sanitary_products_expenditure, toiletries_expenditure, detergent_expenditure, cleaning_products_expenditure, clothing_expenditure, footwear_expenditure, tailoring_expenditure, house_rent, house_repair_expenditure, domestic_help_expenditure, childcare_expenditure, insurance_expenditure, financial_services_expenditure, recreation_expenditure, newspaper_expenditure, entertainment_expenditure, religious_expenditure, social_function_expenditure, marriage_expenditure, festival_expenditure, tobacco_expenditure, alcohol_expenditure, mobile_recharge_expenditure, internet_subscription_expenditure, courier_postal_expenditure, cooking_fuel_expenditure, lpg_expenditure, firewood_expenditure, kerosene_expenditure, miscellaneous_services_expenditure, monthly_nonfood_expenditure, monthly_services_expenditure, monthly_consumables_expenditure, annual_consumables_expenditure, health_service_utilization, education_service_utilization, communication_service_utilization
Durable goods : 47 - television_owned, refrigerator_owned, washing_machine_owned, air_conditioner_owned, air_cooler_owned, fan_owned, computer_owned, laptop_owned, tablet_owned, mobile_phone_owned, smartphone_owned, bicycle_owned, motorcycle_owned, scooter_owned, car_owned, tractor_owned, sewing_machine_owned, water_purifier_owned, inverter_owned, solar_panel_owned, generator_owned, furniture_owned, bed_owned, cupboard_owned, dining_table_owned, gas_stove_owned, pressure_cooker_owned, mixer_grinder_owned, microwave_owned, induction_stove_owned, agricultural_equipment_owned, livestock_equipment_owned, total_durable_assets, durable_asset_value, household_asset_index, digital_asset_index, transport_asset_index, kitchen_asset_index, communication_asset_index, energy_asset_index, cooling_asset_index, agricultural_asset_index, housing_asset_index, wealth_proxy_index, durable_goods_expenditure",upto district level,,,,"Ministry of Statistics and Programme Implementation (MoSPI), Government of India","National Statistical Office (NSO), MoSPI",,Economy; Consumption,en,India,,,,,,https://microdata.gov.in/NADA/index.php/catalog/237,
Ahsin Ahmed,NCAER Survey (DES Study),Women's Condition in Assam,https://ncaer.org/,Women's Condition in Assam,,,District,,,,,,,,en,,,,,,,,